chr,start,mappability,gc_content,end,NAT_X_SYN_042
6,0,0.797279,0.48351,100000,1952
6,100000,0.989993,0.60506,200000,1266
6,200000,0.996757,0.63236,300000,1328
6,300000,0.966492,0.63304,400000,1020
6,400000,0.989522,0.64475,500000,1043
6,500000,0.99699,0.65519,600000,1107
6,600000,0.997029,0.63706,700000,1082
6,700000,0.99228,0.63846,800000,988
6,800000,0.998514,0.62234,900000,762
6,900000,0.983655,0.62991,1000000,1329
6,1000000,0.975674,0.64661,1100000,1325
6,1100000,0.997795,0.6385,1200000,1290
6,1200000,0.999438,0.62617,1300000,1410
6,1300000,0.996088,0.64576,1400000,1193
6,1400000,0.996679,0.64223,1500000,1096
6,1500000,0.998675,0.61778,1600000,1485
6,1600000,0.880672,0.6217,1700000,1120
6,1700000,0.957364,0.65303,1800000,1153
6,1800000,0.999105,0.624,1900000,5208
6,1900000,0.993632,0.63531,2000000,1258
6,2000000,0.997041,0.63034,2100000,1416
6,2100000,0.999075,0.63284,2200000,1426
6,2200000,0.993044,0.61895,2300000,1513
6,2300000,0.999775,0.61713,2400000,1932
6,2400000,0.996156,0.62159,2500000,1812
6,2500000,0.997745,0.61987,2600000,9779
6,2600000,0.99067,0.63275,2700000,2305
6,2700000,0.983397,0.62122,2800000,2468
6,2800000,0.913184,0.62149,2900000,2624
6,2900000,0.993852,0.62671,3000000,2778
6,3000000,0.999125,0.63232,3100000,2541
6,3100000,1,0.63338,3200000,2509
6,3200000,0.99983,0.63599,3300000,2508
6,3300000,0.979786,0.63092,3400000,2672
6,3400000,0.892804,0.62553,3500000,2231
6,3500000,0.870848,0.61553,3600000,2575
6,3600000,0.996611,0.64272,3700000,2468
6,3700000,0.970983,0.62462,3800000,2691
6,3800000,0.965591,0.62694,3900000,2584
6,3900000,0.961406,0.6479,4000000,2322
6,4000000,1,0.63887,4100000,2207
6,4100000,1,0.62282,4200000,2575
6,4200000,0.996039,0.64144,4300000,2195
6,4300000,0.96359,0.63404,4400000,2347
6,4400000,0.973767,0.65042,4500000,1954
6,4500000,0.998575,0.63169,4600000,2451
6,4600000,0.991186,0.6636,4700000,2011
6,4700000,0.978038,0.64063,4800000,2310
6,4800000,0.969955,0.64296,4900000,2796
6,4900000,0.985892,0.63957,5000000,2460
6,5000000,0.98023,0.63298,5100000,2328
6,5100000,0.915523,0.65131,5200000,2159
6,5200000,0.990369,0.66112,5300000,2259
6,5300000,0.994516,0.65096,5400000,2432
6,5400000,0.994465,0.63687,5500000,2113
6,5500000,0.99717,0.64181,5600000,2049
6,5600000,0.95647,0.64599,5700000,1400
6,5700000,0.973638,0.64391,5800000,2363
6,5800000,0.986185,0.63643,5900000,2279
6,5900000,0.985992,0.60481,6000000,2603
6,6000000,0.993137,0.62028,6100000,2578
6,6100000,0.980948,0.63363,6200000,2668
6,6200000,0.991053,0.61605,6300000,2440
6,6300000,0.997958,0.61952,6400000,2614
6,6400000,0.990338,0.64028,6500000,2277
6,6500000,1,0.62148,6600000,2766
6,6600000,0.990416,0.63448,6700000,2368
6,6700000,0.993794,0.64211,6800000,2207
6,6800000,1,0.62288,6900000,2810
6,6900000,0.999633,0.6312,7000000,2525
6,7000000,0.991214,0.62995,7100000,2388
6,7100000,0.904451,0.62781,7200000,2005
6,7200000,0.99898,0.64397,7300000,2143
6,7300000,0.917837,0.65805,7400000,1899
6,7400000,0.993702,0.63169,7500000,2463
6,7500000,0.99904,0.64279,7600000,1787
6,7600000,0.997018,0.63472,7700000,1716
6,7700000,0.969694,0.65004,7800000,2050
6,7800000,0.98698,0.64985,7900000,2100
6,7900000,0.911997,0.63464,8000000,2119
6,8000000,0.863163,0.64122,8100000,1502
6,8100000,0.98637,0.64152,8200000,2373
6,8200000,0.992437,0.63685,8300000,2837
6,8300000,0.966611,0.64495,8400000,2048
6,8400000,0.992094,0.63879,8500000,2309
6,8500000,0.995298,0.6391,8600000,2439
6,8600000,0.996795,0.62276,8700000,2536
6,8700000,0.975695,0.66359,8800000,2172
6,8800000,0.993009,0.65918,8900000,2149
6,8900000,0.969836,0.64841,9000000,2599
6,9000000,0.982446,0.65395,9100000,1365
6,9100000,0.998388,0.62885,9200000,1249
6,9200000,0.986083,0.65079,9300000,1169
6,9300000,0.940692,0.64969,9400000,987
6,9400000,0.973901,0.64418,9500000,1104
6,9500000,0.872913,0.63441,9600000,949
6,9600000,0.991209,0.6473,9700000,1294
6,9700000,0.966519,0.64226,9800000,1130
6,9800000,0.986097,0.65361,9900000,1106
6,9900000,0.868952,0.6679,10000000,919
6,10000000,0.762091,0.66653,10100000,808
6,10100000,0.984613,0.65202,10200000,1602
6,10200000,1,0.63805,10300000,1471
6,10300000,0.993914,0.64055,10400000,1279
6,10400000,0.99325,0.63214,10500000,1317
6,10500000,0.890257,0.62636,10600000,1015
6,10600000,0.897819,0.65612,10700000,1307
6,10700000,0.965043,0.62953,10800000,1449
6,10800000,0.99888,0.62386,10900000,1186
6,10900000,0.983707,0.62216,11000000,1375
6,11000000,0.992284,0.64551,11100000,1315
6,11100000,0.992278,0.6289,11200000,1394
6,11200000,0.999645,0.65365,11300000,1131
6,11300000,0.979037,0.65327,11400000,1332
6,11400000,0.973019,0.63954,11500000,1234
6,11500000,0.99095,0.64952,11600000,1109
6,11600000,0.994408,0.65624,11700000,1357
6,11700000,0.983627,0.65504,11800000,1103
6,11800000,0.997257,0.65178,11900000,1208
6,11900000,0.977986,0.62903,12000000,1405
6,12000000,0.977401,0.65567,12100000,1237
6,12100000,0.969033,0.66491,12200000,1003
6,12200000,0.97014,0.65573,12300000,1335
6,12300000,0.991881,0.63401,12400000,1390
6,12400000,0.991916,0.638,12500000,1230
6,12500000,0.980689,0.67617,12600000,1008
6,12600000,0.997766,0.64102,12700000,1235
6,12700000,0.99474,0.65675,12800000,1097
6,12800000,0.982695,0.64356,12900000,1529
6,12900000,0.968045,0.6648,13000000,1272
6,13000000,0.701546,0.52165,13100000,1360
6,13100000,0.693436,0.51873,13200000,1379
6,13200000,0.996674,0.64499,13300000,1209
6,13300000,0.925444,0.66261,13400000,1337
6,13400000,0.989092,0.66071,13500000,1207
6,13500000,0.996791,0.67712,13600000,1143
6,13600000,0.989777,0.64846,13700000,1283
6,13700000,0.997863,0.65841,13800000,1272
6,13800000,0.979312,0.63267,13900000,1558
6,13900000,0.946586,0.65452,14000000,1293
6,14000000,0.941844,0.65569,14100000,1365
6,14100000,0.938514,0.66866,14200000,1154
6,14200000,0.890227,0.68239,14300000,1118
6,14300000,0.981204,0.64414,14400000,1226
6,14400000,0.99559,0.63733,14500000,3379
6,14500000,0.979308,0.65159,14600000,1582
6,14600000,0.977347,0.65381,14700000,1420
6,14700000,0.958441,0.66038,14800000,1730
6,14800000,0.92834,0.67,14900000,810
6,14900000,0.966079,0.65993,15000000,1086
6,15000000,0.922363,0.63835,15100000,2196
6,15100000,0.895084,0.62898,15200000,1114
6,15200000,0.982565,0.65378,15300000,1213
6,15300000,0.583735,0.49537,15400000,14891
6,15400000,0.729982,0.5062,15500000,2470
6,15500000,0.964755,0.65336,15600000,1447
6,15600000,0.786032,0.507,15700000,865
6,15700000,0.393222,0.3838,15800000,2699
6,15800000,0.655071,0.5161,15900000,784
6,15900000,0.976359,0.67538,16000000,1390
6,16000000,0.928936,0.65832,16100000,1547
6,16100000,0.856249,0.66396,16200000,1455
6,16200000,0.887871,0.63698,16300000,2020
6,16300000,0.547005,0.42391,16400000,485
6,16400000,0.862919,0.60046,16500000,1824
6,16500000,0.572624,0.50689,16600000,1153
6,16600000,0.944491,0.62677,16700000,1726
6,16700000,0.808133,0.62371,16800000,2082
6,16800000,0.737156,0.52519,16900000,6361
6,16900000,0.735829,0.49835,17000000,20610
6,17000000,0.98284,0.63237,17100000,1380
6,17100000,0.940977,0.64997,17200000,2515
6,17200000,0.746667,0.51849,17300000,1407
6,17300000,0.576585,0.39004,17400000,1590
6,17400000,0.976947,0.65923,17500000,1685
6,17500000,0.652221,0.50554,17600000,19026
6,17600000,0.642537,0.51441,17700000,18011
6,17700000,0.945602,0.64925,17800000,1188
6,17800000,0.986021,0.65696,17900000,1270
6,17900000,0.925743,0.63211,18000000,1087
6,18000000,0.893783,0.66368,18100000,967
6,18100000,0.923229,0.66486,18200000,1181
6,18200000,0.992522,0.6646,18300000,1178
6,18300000,0.917207,0.66131,18400000,1269
6,18400000,0.971576,0.65168,18500000,1320
6,18500000,0.983362,0.67014,18600000,1248
6,18600000,0.985178,0.66622,18700000,1119
6,18700000,0.641577,0.49959,18800000,12949
6,18800000,0.723668,0.50669,18900000,1970
6,18900000,0.950783,0.64448,19000000,1428
6,19000000,0.979659,0.64435,19100000,1207
6,19100000,0.960335,0.66514,19200000,1508
6,19200000,0.768364,0.51462,19300000,1186
6,19300000,0.953067,0.66392,19400000,1349
6,19400000,0.992702,0.66942,19500000,1249
6,19500000,0.487974,0.35527,19600000,709
6,19600000,0.745039,0.51811,19700000,812
6,19700000,0.928379,0.6722,19800000,1231
6,19800000,0.969699,0.65117,19900000,1210
6,19900000,0.968385,0.6511,20000000,13558
6,20000000,0.968269,0.65307,20100000,1705
6,20100000,0.999093,0.62716,20200000,1226
6,20200000,0.977822,0.63446,20300000,1266
6,20300000,0.930939,0.64181,20400000,1496
6,20400000,0.964459,0.65309,20500000,1277
6,20500000,0.994239,0.66818,20600000,1045
6,20600000,0.990457,0.67039,20700000,1211
6,20700000,0.992927,0.64203,20800000,1512
6,20800000,0.9841,0.6481,20900000,1311
6,20900000,0.912943,0.65625,21000000,1045
6,21000000,0.996627,0.66069,21100000,1718
6,21100000,0.961696,0.67301,21200000,1175
6,21200000,0.981254,0.66018,21300000,1110
6,21300000,0.990868,0.65189,21400000,1391
6,21400000,0.9961,0.65491,21500000,1143
6,21500000,0.948918,0.66984,21600000,1370
6,21600000,0.989295,0.63452,21700000,1382
6,21700000,0.990459,0.65318,21800000,1132
6,21800000,0.969952,0.64288,21900000,1323
6,21900000,0.985371,0.66318,22000000,1195
6,22000000,0.987151,0.65679,22100000,1316
6,22100000,0.924053,0.64582,22200000,1373
6,22200000,0.93932,0.65403,22300000,1024
6,22300000,0.999615,0.63172,22400000,1400
6,22400000,0.952484,0.64319,22500000,1177
6,22500000,0.976886,0.63292,22600000,1229
6,22600000,0.889903,0.61957,22700000,940
6,22700000,0.992091,0.62878,22800000,1570
6,22800000,0.951907,0.62068,22900000,1902
6,22900000,0.730325,0.46465,23000000,8663
6,23000000,0.933535,0.6212,23100000,10440
6,23100000,0.804533,0.60803,23200000,2657
6,23200000,0.957812,0.61592,23300000,2351
6,23300000,0.955929,0.62137,23400000,1592
6,23400000,0.979316,0.67004,23500000,1830
6,23500000,0.94992,0.66591,23600000,2056
6,23600000,0.906159,0.62937,23700000,2059
6,23700000,0.961839,0.66019,23800000,2096
6,23800000,0.935337,0.66191,23900000,1978
6,23900000,0.987853,0.6756,24000000,1986
6,24000000,0.905379,0.66264,24100000,1789
6,24100000,0.930014,0.64464,24200000,2487
6,24200000,0.90301,0.66464,24300000,1488
6,24300000,0.940292,0.67005,24400000,1916
6,24400000,0.900428,0.64614,24500000,2549
6,24500000,0.953058,0.64394,24600000,4758
6,24600000,0.973994,0.65998,24700000,1904
6,24700000,0.959376,0.66102,24800000,2014
6,24800000,0.928362,0.66894,24900000,2044
6,24900000,0.867231,0.65353,25000000,1404
6,25000000,0.846087,0.6365,25100000,1720
6,25100000,0.570782,0.37646,25200000,7814
7,0,0.472615,0.37152,100000,1380
7,100000,0.985568,0.62371,200000,2809
7,200000,0.942117,0.64039,300000,2245
7,300000,0.94047,0.63517,400000,1768
7,400000,0.968065,0.64372,500000,1863
7,500000,0.781675,0.52063,600000,1694
7,600000,0.888542,0.63966,700000,1855
7,700000,0.99813,0.63989,800000,2324
7,800000,0.984426,0.64321,900000,2058
7,900000,0.994505,0.65771,1000000,1734
7,1000000,0.990926,0.64927,1100000,2118
7,1100000,0.94727,0.65844,1200000,1962
7,1200000,0.9686,0.65631,1300000,2326
7,1300000,0.963896,0.64189,1400000,2504
7,1400000,0.983627,0.66668,1500000,2025
7,1500000,0.992546,0.65708,1600000,1907
7,1600000,0.970285,0.65923,1700000,2158
7,1700000,0.990106,0.63721,1800000,2486
7,1800000,0.964057,0.66181,1900000,1968
7,1900000,0.987162,0.67033,2000000,1941
7,2000000,0.677693,0.52452,2100000,2493
7,2100000,0.620988,0.52477,2200000,1467
7,2200000,0.971814,0.65263,2300000,2589
7,2300000,0.925351,0.6386,2400000,2311
7,2400000,0.883925,0.65867,2500000,1890
7,2500000,0.958229,0.66804,2600000,2923
7,2600000,0.995944,0.65028,2700000,1833
7,2700000,0.958335,0.65597,2800000,2225
7,2800000,0.978882,0.64533,2900000,19209
7,2900000,0.983219,0.67857,3000000,2008
7,3000000,0.972475,0.67042,3100000,1965
7,3100000,0.922155,0.6542,3200000,1510
7,3200000,0.893025,0.65265,3300000,1535
7,3300000,0.993548,0.65543,3400000,2381
7,3400000,0.976899,0.6511,3500000,2629
7,3500000,0.956743,0.64923,3600000,1936
7,3600000,0.973035,0.64699,3700000,2348
7,3700000,0.990458,0.64987,3800000,2172
7,3800000,0.911579,0.6568,3900000,1893
7,3900000,0.977856,0.65681,4000000,2127
7,4000000,0.99765,0.62869,4100000,2593
7,4100000,0.422421,0.37086,4200000,10571
7,4200000,0.423744,0.37568,4300000,17407
7,4300000,0.928427,0.63427,4400000,15621
7,4400000,0.628529,0.50388,4500000,2127
7,4500000,0.578344,0.49303,4600000,2769
7,4600000,0.893607,0.6217,4700000,1953
7,4700000,0.725155,0.51195,4800000,4561
7,4800000,0.593755,0.49026,4900000,16504
7,4900000,0.419116,0.38252,5000000,262642
7,5000000,0.725143,0.51135,5100000,748005
7,5100000,0.638508,0.50906,5200000,71688
7,5200000,0.931227,0.64197,5300000,1727
7,5300000,0.974286,0.65122,5400000,2555
7,5400000,0.978426,0.64388,5500000,3146
7,5500000,0.97478,0.6414,5600000,19464
7,5600000,0.984539,0.64412,5700000,1583
7,5700000,0.992996,0.65568,5800000,2836
7,5800000,0.848522,0.63767,5900000,2853
7,5900000,0.975526,0.65705,6000000,2600
7,6000000,0.902387,0.65722,6100000,1633
7,6100000,0.954579,0.65417,6200000,1873
7,6200000,0.981844,0.66587,6300000,2057
7,6300000,0.952095,0.67566,6400000,1808
7,6400000,0.997812,0.66416,6500000,2457
7,6500000,0.967563,0.67875,6600000,1622
7,6600000,0.966149,0.68098,6700000,1663
7,6700000,0.978845,0.67493,6800000,2465
7,6800000,0.98654,0.66619,6900000,2422
7,6900000,0.996135,0.6707,7000000,1943
7,7000000,0.986417,0.68256,7100000,1508
7,7100000,0.985005,0.66112,7200000,2154
7,7200000,0.910362,0.67283,7300000,1535
7,7300000,0.960619,0.67152,7400000,2033
7,7400000,0.992327,0.67186,7500000,1789
7,7500000,0.949368,0.65937,7600000,1991
7,7600000,0.978121,0.66876,7700000,1849
7,7700000,0.989899,0.64842,7800000,2267
7,7800000,0.966097,0.67928,7900000,2219
7,7900000,0.971846,0.65588,8000000,2374
7,8000000,0.99752,0.63384,8100000,2666
7,8100000,0.976995,0.6437,8200000,2361
7,8200000,0.973919,0.6421,8300000,2511
7,8300000,0.998193,0.65272,8400000,2494
7,8400000,0.978463,0.67649,8500000,2029
7,8500000,0.97444,0.66667,8600000,2046
7,8600000,0.979731,0.65709,8700000,2033
7,8700000,0.993867,0.64936,8800000,2041
7,8800000,0.995916,0.65166,8900000,2294
7,8900000,0.983522,0.66144,9000000,2247
7,9000000,0.952121,0.66571,9100000,1028
7,9100000,0.992605,0.6449,9200000,2180
7,9200000,0.993033,0.65504,9300000,2176
7,9300000,0.994756,0.66979,9400000,1870
7,9400000,0.988208,0.66867,9500000,1996
7,9500000,0.97572,0.64734,9600000,2057
7,9600000,0.861455,0.64515,9700000,1950
7,9700000,0.99624,0.64957,9800000,1896
7,9800000,0.997368,0.6468,9900000,2042
7,9900000,0.990318,0.66291,10000000,2233
7,10000000,0.99472,0.62742,10100000,2656
7,10100000,0.996283,0.6296,10200000,2905
7,10200000,0.993089,0.64036,10300000,2166
7,10300000,0.967555,0.65185,10400000,2015
7,10400000,0.995022,0.63754,10500000,2228
7,10500000,0.998667,0.63634,10600000,2225
7,10600000,0.912043,0.65309,10700000,1428
7,10700000,0.93668,0.62876,10800000,2251
7,10800000,0.994804,0.62723,10900000,2089
7,10900000,0.998642,0.63373,11000000,2575
7,11000000,0.982517,0.6472,11100000,2177
7,11100000,0.996657,0.6451,11200000,2430
7,11200000,0.992956,0.62771,11300000,2544
7,11300000,0.999445,0.62052,11400000,2321
7,11400000,0.993648,0.64167,11500000,2467
7,11500000,0.989392,0.63433,11600000,2268
7,11600000,1,0.62476,11700000,2510
7,11700000,0.998163,0.64808,11800000,2170
7,11800000,0.984997,0.65708,11900000,1956
7,11900000,0.984033,0.6483,12000000,2506
7,12000000,0.977125,0.65049,12100000,2177
7,12100000,0.99617,0.63979,12200000,2271
7,12200000,0.995856,0.63959,12300000,2090
7,12300000,0.99082,0.64525,12400000,2123
7,12400000,0.998187,0.64884,12500000,2488
7,12500000,0.994281,0.62131,12600000,2596
7,12600000,0.998684,0.63089,12700000,2231
7,12700000,0.987199,0.65338,12800000,2787
7,12800000,0.985049,0.64976,12900000,3065
7,12900000,0.997778,0.66474,13000000,2858
7,13000000,0.979379,0.64864,13100000,2966
7,13100000,0.957164,0.64048,13200000,3145
7,13200000,0.646957,0.61578,13300000,1379
7,13300000,0.998915,0.62123,13400000,4076
7,13400000,0.994127,0.63408,13500000,3335
7,13500000,0.982867,0.62592,13600000,3921
7,13600000,0.994043,0.6223,13700000,3904
7,13700000,0.997945,0.63043,13800000,3871
7,13800000,0.963168,0.62424,13900000,5109
7,13900000,0.995636,0.62831,14000000,3676
7,14000000,0.999456,0.61119,14100000,3860
7,14100000,0.984812,0.58911,14200000,4473
7,14200000,0.399421,0.35326,14300000,49073
8,0,0.335891,0.36744,100000,101117
8,100000,0.578497,0.60773,200000,504
8,200000,0.767468,0.48668,300000,2261
8,300000,0.994341,0.60454,400000,2598
8,400000,0.99964,0.63145,500000,2501
8,500000,0.998635,0.63032,600000,2210
8,600000,0.996188,0.63665,700000,2313
8,700000,0.954747,0.60276,800000,3483
8,800000,0.997255,0.62551,900000,2442
8,900000,0.962708,0.63797,1000000,2333
8,1000000,0.971019,0.62908,1100000,2644
8,1100000,0.9845,0.63254,1200000,2445
8,1200000,0.99393,0.64739,1300000,2285
8,1300000,0.974015,0.62641,1400000,2847
8,1400000,0.984562,0.64826,1500000,2318
8,1500000,0.988485,0.63352,1600000,2669
8,1600000,0.984448,0.63647,1700000,2742
8,1700000,0.984953,0.62615,1800000,2657
8,1800000,0.996944,0.63217,1900000,2387
8,1900000,0.999965,0.64413,2000000,2229
8,2000000,0.987281,0.63704,2100000,2197
8,2100000,0.980439,0.62819,2200000,2244
8,2200000,0.998047,0.62579,2300000,2469
8,2300000,0.997912,0.64992,2400000,2234
8,2400000,0.984051,0.6289,2500000,2240
8,2500000,0.994321,0.62835,2600000,2773
8,2600000,0.99737,0.63276,2700000,2512
8,2700000,0.998823,0.62597,2800000,2791
8,2800000,0.996469,0.62203,2900000,2887
8,2900000,0.98879,0.6268,3000000,2880
8,3000000,0.997885,0.63218,3100000,2395
8,3100000,0.990528,0.62851,3200000,2277
8,3200000,0.992553,0.62105,3300000,2525
8,3300000,0.981084,0.60962,3400000,4689
8,3400000,0.998009,0.62307,3500000,2235
8,3500000,0.987909,0.63952,3600000,2392
8,3600000,0.99526,0.61132,3700000,2300
8,3700000,0.99479,0.6378,3800000,2177
8,3800000,0.998587,0.6447,3900000,2578
8,3900000,0.99751,0.62872,4000000,2442
8,4000000,0.999151,0.61792,4100000,2359
8,4100000,0.997074,0.63785,4200000,2108
8,4200000,0.994611,0.63303,4300000,2678
8,4300000,0.984374,0.64186,4400000,2227
8,4400000,0.9987,0.63413,4500000,2019
8,4500000,0.999267,0.62825,4600000,3475
8,4600000,0.999215,0.61815,4700000,2635
8,4700000,0.997906,0.62073,4800000,2707
8,4800000,0.998255,0.63589,4900000,2797
8,4900000,1,0.6155,5000000,2264
8,5000000,0.813959,0.62945,5100000,2069
8,5100000,0.98548,0.63883,5200000,2224
8,5200000,0.972304,0.63435,5300000,2395
8,5300000,0.996205,0.63845,5400000,2780
8,5400000,0.999256,0.62647,5500000,2406
8,5500000,0.998829,0.63844,5600000,2460
8,5600000,0.995501,0.63995,5700000,2510
8,5700000,0.978438,0.62165,5800000,2707
8,5800000,0.991929,0.64215,5900000,1732
8,5900000,0.993182,0.61576,6000000,2626
8,6000000,0.99942,0.63719,6100000,2228
8,6100000,0.985502,0.65281,6200000,2046
8,6200000,0.98847,0.64347,6300000,2453
8,6300000,0.993381,0.63507,6400000,2386
8,6400000,0.985439,0.63289,6500000,2247
8,6500000,0.991725,0.64957,6600000,2279
8,6600000,0.997109,0.63598,6700000,2517
8,6700000,0.936439,0.64337,6800000,2115
8,6800000,0.890483,0.64694,6900000,1958
8,6900000,0.994831,0.63146,7000000,2644
8,7000000,0.999675,0.63286,7100000,2513
8,7100000,0.983307,0.62235,7200000,2718
8,7200000,0.98865,0.62526,7300000,2403
8,7300000,0.992786,0.62667,7400000,2779
8,7400000,0.980148,0.64496,7500000,1872
8,7500000,0.992168,0.63708,7600000,2220
8,7600000,0.967597,0.638,7700000,2301
8,7700000,0.926922,0.62547,7800000,2354
8,7800000,0.991819,0.64675,7900000,2439
8,7900000,0.998718,0.63907,8000000,2293
8,8000000,0.987557,0.63515,8100000,2477
8,8100000,0.786325,0.61502,8200000,2331
8,8200000,0.642768,0.45059,8300000,7843
8,8300000,0.554271,0.40121,8400000,10914
8,8400000,0.979517,0.63603,8500000,2377
8,8500000,0.995872,0.63594,8600000,2693
8,8600000,0.994473,0.64599,8700000,2322
8,8700000,0.985788,0.64055,8800000,2131
8,8800000,0.994541,0.63516,8900000,2536
8,8900000,0.996374,0.64856,9000000,2307
8,9000000,0.978204,0.6427,9100000,2284
8,9100000,0.978979,0.66424,9200000,2164
8,9200000,0.986438,0.65931,9300000,2193
8,9300000,0.985879,0.65396,9400000,2118
8,9400000,0.986569,0.6393,9500000,2161
8,9500000,0.993416,0.64268,9600000,2144
8,9600000,0.996312,0.65231,9700000,2077
8,9700000,0.968765,0.64837,9800000,1852
8,9800000,0.935858,0.65274,9900000,2013
8,9900000,0.983648,0.66625,10000000,2521
8,10000000,0.998128,0.66581,10100000,1968
8,10100000,0.994466,0.663,10200000,2064
8,10200000,0.99473,0.64555,10300000,2205
8,10300000,0.983031,0.64774,10400000,2694
8,10400000,0.975481,0.66859,10500000,2153
8,10500000,0.963165,0.65924,10600000,2311
8,10600000,0.921553,0.65672,10700000,1672
8,10700000,0.980214,0.66985,10800000,1905
8,10800000,0.958898,0.66033,10900000,2158
8,10900000,0.980204,0.65545,11000000,2249
8,11000000,0.921772,0.64709,11100000,2016
8,11100000,0.972392,0.65256,11200000,2140
8,11200000,0.919777,0.65301,11300000,1789
8,11300000,0.892811,0.63694,11400000,4598
8,11400000,0.964817,0.66878,11500000,1708
8,11500000,0.991476,0.65232,11600000,2194
8,11600000,0.955935,0.63623,11700000,2290
8,11700000,0.966369,0.659,11800000,1803
8,11800000,0.980279,0.66084,11900000,1930
8,11900000,0.972006,0.63171,12000000,2286
8,12000000,0.95162,0.63279,12100000,2797
8,12100000,0.977253,0.65207,12200000,2622
8,12200000,0.974464,0.64007,12300000,2128
8,12300000,0.984136,0.6526,12400000,1352
8,12400000,0.903569,0.6666,12500000,2515
8,12500000,0.901514,0.67053,12600000,2577
8,12600000,0.955687,0.65456,12700000,2376
8,12700000,0.945141,0.66011,12800000,5778
8,12800000,0.946533,0.65476,12900000,2196
8,12900000,0.856033,0.60925,13000000,1388
8,13000000,0.955548,0.63405,13100000,3359
8,13100000,0.902354,0.64994,13200000,2362
8,13200000,0.601949,0.40626,13300000,4332
8,13300000,0.299607,0.43407,13400000,3594
8,13400000,0.771468,0.57777,13500000,15230
8,13500000,0.780874,0.60741,13600000,22893
8,13600000,0.931043,0.66898,13700000,2651
8,13700000,0.942454,0.65456,13800000,3235
8,13800000,0.972636,0.66224,13900000,1929
8,13900000,0.835714,0.64428,14000000,1493
8,14000000,0.988354,0.66254,14100000,1688
8,14100000,0.974985,0.65343,14200000,2749
8,14200000,0.995344,0.65693,14300000,2714
8,14300000,0.966884,0.68189,14400000,1799
8,14400000,0.938968,0.63798,14500000,2079
8,14500000,0.907722,0.66214,14600000,1505
8,14600000,0.571281,0.44767,14700000,796
8,14700000,0.769032,0.60749,14800000,992
8,14800000,0.747812,0.66016,14900000,6202
8,14900000,0.723042,0.49619,15000000,3346
8,15000000,0.895911,0.58159,15100000,2335
8,15100000,0.407178,0.27866,15200000,41625
8,15200000,0.979622,0.55023,15300000,19864
8,15300000,0.656205,0.43728,15400000,6639
8,15400000,0.983537,0.55457,15500000,12376
8,15500000,0.422602,0.3568,15600000,11161
8,15600000,0.57295,0.49598,15700000,22474
8,15700000,0.504103,0.33876,15800000,16144
8,15800000,0.57482,0.36965,15900000,1841
8,15900000,0.873542,0.61407,16000000,6957
8,16000000,0.944338,0.63278,16100000,7059
8,16100000,0.962624,0.66229,16200000,2277
8,16200000,0.984442,0.67346,16300000,1579
8,16300000,0.974095,0.62547,16400000,2633
8,16400000,0.989341,0.64321,16500000,2709
8,16500000,0.931499,0.66662,16600000,1532
8,16600000,0.83748,0.66331,16700000,2566
8,16700000,0.953515,0.67252,16800000,2433
8,16800000,0.944066,0.65153,16900000,2483
8,16900000,0.968849,0.65272,17000000,2079
8,17000000,0.97232,0.66887,17100000,2292
8,17100000,0.971473,0.66122,17200000,2342
8,17200000,0.988761,0.65612,17300000,1699
8,17300000,0.933113,0.65745,17400000,1791
8,17400000,0.863943,0.64001,17500000,2503
8,17500000,0.957154,0.66,17600000,2132
8,17600000,0.974702,0.65551,17700000,2101
8,17700000,0.980663,0.64676,17800000,1989
8,17800000,0.972945,0.65252,17900000,1994
8,17900000,0.642312,0.46286,18000000,1576
8,18000000,0.385638,0.38924,18100000,8337
8,18100000,0.682348,0.4955,18200000,82297
8,18200000,0.982797,0.65939,18300000,2196
8,18300000,0.945831,0.65513,18400000,2345
8,18400000,0.971012,0.66844,18500000,1983
8,18500000,0.968214,0.66337,18600000,1945
8,18600000,0.97881,0.66467,18700000,1804
8,18700000,0.911396,0.65221,18800000,2491
8,18800000,0.997156,0.63769,18900000,2260
8,18900000,0.949513,0.65746,19000000,2133
8,19000000,0.96624,0.6419,19100000,2698
8,19100000,0.995606,0.65763,19200000,2201
8,19200000,0.992688,0.63461,19300000,2657
8,19300000,0.926906,0.6841,19400000,2791
8,19400000,0.99225,0.64123,19500000,2389
8,19500000,0.981588,0.66651,19600000,2014
8,19600000,0.963807,0.65564,19700000,2184
8,19700000,0.942471,0.64955,19800000,2056
8,19800000,0.928034,0.66632,19900000,2210
8,19900000,0.984125,0.65019,20000000,2313
8,20000000,0.99567,0.65895,20100000,2165
8,20100000,0.994029,0.64442,20200000,2159
8,20200000,0.98367,0.65901,20300000,2078
8,20300000,0.96448,0.64537,20400000,2276
8,20400000,0.989108,0.67148,20500000,2023
8,20500000,0.925497,0.63233,20600000,2577
8,20600000,0.998398,0.63206,20700000,2094
8,20700000,0.986689,0.61232,20800000,2420
8,20800000,0.751088,0.47923,20900000,2395
8,20900000,0.767097,0.51099,21000000,1561
8,21000000,0.963133,0.66406,21100000,1621
8,21100000,0.942036,0.65581,21200000,1788
8,21200000,0.970737,0.66446,21300000,2585
8,21300000,0.979102,0.66618,21400000,1099
8,21400000,0.983898,0.66079,21500000,1306
8,21500000,0.483414,0.36572,21600000,1507
9,0,0.888825,0.60889,100000,6082
9,100000,0.997249,0.62677,200000,2232
9,200000,0.968989,0.63816,300000,2492
9,300000,0.981425,0.65261,400000,2406
9,400000,0.972902,0.63817,500000,1836
9,500000,0.997007,0.64195,600000,2501
9,600000,0.979558,0.66196,700000,2259
9,700000,0.993803,0.66514,800000,1685
9,800000,0.992127,0.66418,900000,2017
9,900000,0.988876,0.67078,1000000,1934
9,1000000,0.989755,0.6781,1100000,1801
9,1100000,0.974605,0.66946,1200000,1791
9,1200000,0.994504,0.66319,1300000,2104
9,1300000,0.986636,0.66026,1400000,2264
9,1400000,0.89509,0.68708,1500000,1570
9,1500000,0.911846,0.6704,1600000,1336
9,1600000,0.969112,0.67739,1700000,9766
9,1700000,0.974533,0.66638,1800000,1869
9,1800000,0.970609,0.6408,1900000,1606
9,1900000,0.994673,0.64163,2000000,1854
9,2000000,0.949651,0.64466,2100000,2239
9,2100000,0.990442,0.65682,2200000,2333
9,2200000,0.986474,0.65049,2300000,2523
9,2300000,0.951353,0.60267,2400000,12731
9,2400000,0.873616,0.65902,2500000,1927
9,2500000,0.981177,0.65969,2600000,1745
9,2600000,0.987134,0.6743,2700000,2202
9,2700000,0.888521,0.67793,2800000,1554
9,2800000,0.91445,0.66019,2900000,2092
9,2900000,0.863033,0.64611,3000000,2649
9,3000000,0.946203,0.65275,3100000,2549
9,3100000,0.367668,0.25938,3200000,1155
9,3200000,0.874713,0.58957,3300000,2537
9,3300000,0.777607,0.56955,3400000,2135
9,3400000,0.654308,0.52959,3500000,1702
9,3500000,0.856056,0.63217,3600000,45263
9,3600000,0.68341,0.53448,3700000,887
9,3700000,0.98321,0.66367,3800000,2781
9,3800000,0.952926,0.6636,3900000,2702
9,3900000,0.938447,0.61299,4000000,3199
9,4000000,0.993509,0.64724,4100000,2392
9,4100000,0.98507,0.66135,4200000,2009
9,4200000,0.954497,0.66334,4300000,2154
9,4300000,0.933495,0.63957,4400000,2486
9,4400000,0.935387,0.65101,4500000,4767
9,4500000,0.923477,0.68208,4600000,1811
9,4600000,0.918248,0.67533,4700000,2041
9,4700000,0.972059,0.662,4800000,1457
9,4800000,0.928999,0.61726,4900000,9316
9,4900000,0.927558,0.61975,5000000,3597
9,5000000,0.670792,0.53509,5100000,1244
9,5100000,0.507382,0.38729,5200000,21805
9,5200000,0.842035,0.59802,5300000,2931
9,5300000,0.88723,0.64634,5400000,2143
9,5400000,0.453043,0.35785,5500000,43870
9,5500000,0.874006,0.61387,5600000,2785
9,5600000,0.844528,0.52604,5700000,3009
9,5700000,0.847313,0.6164,5800000,1695
9,5800000,0.991843,0.64638,5900000,1937
9,5900000,0.790178,0.52726,6000000,1856
9,6000000,0.950649,0.63123,6100000,2636
9,6100000,0.958739,0.61207,6200000,1716
9,6200000,0.995353,0.64582,6300000,5720
9,6300000,0.726026,0.5387,6400000,899
9,6400000,0.398933,0.26573,6500000,3182
9,6500000,0.678703,0.47286,6600000,3309
9,6600000,0.971914,0.65246,6700000,5457
9,6700000,0.994197,0.66401,6800000,2024
9,6800000,0.998547,0.63937,6900000,2237
9,6900000,0.979166,0.67536,7000000,2420
9,7000000,0.947052,0.67855,7100000,1839
9,7100000,0.987451,0.64962,7200000,2451
9,7200000,0.982046,0.67266,7300000,8651
9,7300000,0.990275,0.65795,7400000,2138
9,7400000,0.968767,0.67195,7500000,1575
9,7500000,0.985695,0.65273,7600000,2188
9,7600000,0.989627,0.65783,7700000,2316
9,7700000,0.971926,0.66425,7800000,1934
9,7800000,0.995078,0.66045,7900000,2142
9,7900000,0.977049,0.67534,8000000,1667
9,8000000,0.976802,0.66657,8100000,3379
9,8100000,0.976348,0.67199,8200000,2164
9,8200000,0.988895,0.67715,8300000,1806
9,8300000,0.960213,0.66849,8400000,1721
9,8400000,0.971295,0.66228,8500000,1800
9,8500000,0.992553,0.66491,8600000,1703
9,8600000,0.994085,0.64188,8700000,2299
9,8700000,0.881874,0.66047,8800000,1588
9,8800000,0.990081,0.63017,8900000,2392
9,8900000,0.973965,0.66335,9000000,2483
9,9000000,0.99676,0.66735,9100000,1830
9,9100000,0.978742,0.65344,9200000,2034
9,9200000,0.978587,0.67323,9300000,1752
9,9300000,0.998786,0.64556,9400000,2079
9,9400000,0.997283,0.65116,9500000,2278
9,9500000,0.973425,0.64624,9600000,2264
9,9600000,0.995084,0.6707,9700000,2158
9,9700000,0.994966,0.65496,9800000,2239
9,9800000,0.880744,0.64398,9900000,1999
9,9900000,0.982995,0.6409,10000000,2210
9,10000000,0.995649,0.63588,10100000,2541
9,10100000,0.972465,0.66271,10200000,2224
9,10200000,0.995828,0.64731,10300000,2199
9,10300000,0.984122,0.6354,10400000,3616
9,10400000,0.995662,0.64477,10500000,2050
9,10500000,0.978075,0.63815,10600000,2312
9,10600000,0.993885,0.63662,10700000,2404
9,10700000,0.992877,0.64394,10800000,2219
9,10800000,0.998034,0.63237,10900000,2688
9,10900000,0.990013,0.64858,11000000,2415
9,11000000,0.985681,0.64629,11100000,1793
9,11100000,0.998466,0.63006,11200000,2435
9,11200000,0.998055,0.64842,11300000,2229
9,11300000,0.991262,0.6384,11400000,2246
9,11400000,0.99967,0.61761,11500000,2774
9,11500000,0.988062,0.64064,11600000,2702
9,11600000,0.985054,0.63283,11700000,2305
9,11700000,0.997475,0.63041,11800000,2134
9,11800000,0.99151,0.66052,11900000,2138
9,11900000,0.997996,0.63486,12000000,2187
9,12000000,0.99852,0.64013,12100000,12846
9,12100000,0.985734,0.6566,12200000,2036
9,12200000,0.996163,0.65136,12300000,8447
9,12300000,0.989303,0.64881,12400000,2399
9,12400000,0.985944,0.63334,12500000,2525
9,12500000,0.987693,0.64788,12600000,2329
9,12600000,0.99935,0.6386,12700000,2271
9,12700000,0.999103,0.62705,12800000,2314
9,12800000,0.977069,0.65178,12900000,2317
9,12900000,0.974843,0.64591,13000000,2480
9,13000000,0.996455,0.63366,13100000,2589
9,13100000,1,0.63634,13200000,2599
9,13200000,1,0.64472,13300000,2230
9,13300000,0.99614,0.64295,13400000,2493
9,13400000,0.990124,0.64362,13500000,2619
9,13500000,0.994872,0.64416,13600000,2433
9,13600000,0.98463,0.65454,13700000,2327
9,13700000,0.975875,0.64828,13800000,2778
9,13800000,0.958373,0.64346,13900000,2624
9,13900000,0.983845,0.64021,14000000,2280
9,14000000,0.981785,0.64674,14100000,2467
9,14100000,0.996575,0.63674,14200000,2511
9,14200000,0.995623,0.63316,14300000,3304
9,14300000,0.996713,0.64813,14400000,2209
9,14400000,0.985582,0.63697,14500000,2640
9,14500000,0.994607,0.63892,14600000,2647
9,14600000,0.980347,0.63411,14700000,2434
9,14700000,0.944838,0.62628,14800000,2387
9,14800000,0.996609,0.64501,14900000,2198
9,14900000,0.996371,0.64124,15000000,2403
9,15000000,0.994351,0.6423,15100000,2393
9,15100000,0.995274,0.64964,15200000,2343
9,15200000,0.99625,0.6342,15300000,2549
9,15300000,0.996502,0.63484,15400000,2393
9,15400000,1,0.63358,15500000,2263
9,15500000,0.991188,0.62877,15600000,2447
9,15600000,0.989539,0.6533,15700000,2036
9,15700000,0.984285,0.6441,15800000,1973
9,15800000,0.998804,0.64244,15900000,2607
9,15900000,0.98591,0.64288,16000000,2727
9,16000000,0.956889,0.6508,16100000,2841
9,16100000,0.994421,0.63379,16200000,2198
9,16200000,0.961566,0.61893,16300000,2661
9,16300000,0.988828,0.62154,16400000,2344
9,16400000,0.9067,0.61927,16500000,2081
9,16500000,0.992397,0.6524,16600000,2083
9,16600000,0.998794,0.65371,16700000,2376
9,16700000,0.996986,0.64118,16800000,2349
9,16800000,0.989422,0.63822,16900000,2295
9,16900000,0.996829,0.63452,17000000,3120
9,17000000,0.995044,0.6285,17100000,3418
9,17100000,0.994912,0.60727,17200000,3674
10,0,0.97825,0.61275,100000,2503
10,100000,0.93953,0.63726,200000,2282
10,200000,0.668547,0.51662,300000,1491
10,300000,0.999457,0.65723,400000,1966
10,400000,0.995349,0.66193,500000,2297
10,500000,0.986624,0.65834,600000,2226
10,600000,0.983664,0.66828,700000,1513
10,700000,0.988026,0.65438,800000,2198
10,800000,0.965804,0.63963,900000,2497
10,900000,0.985645,0.66313,1000000,2113
10,1000000,0.99942,0.64709,1100000,2144
10,1100000,0.981838,0.66026,1200000,2239
10,1200000,0.961023,0.68915,1300000,1683
10,1300000,0.972373,0.66922,1400000,1864
10,1400000,0.996574,0.66864,1500000,5782
10,1500000,0.995177,0.65127,1600000,1849
10,1600000,0.950012,0.65238,1700000,2210
10,1700000,0.985997,0.65697,1800000,2824
10,1800000,0.998142,0.65487,1900000,2189
10,1900000,0.992753,0.66149,2000000,2223
10,2000000,0.962602,0.63572,2100000,2099
10,2100000,0.945048,0.65908,2200000,2144
10,2200000,0.985347,0.66608,2300000,2061
10,2300000,0.957396,0.66438,2400000,1421
10,2400000,0.957637,0.64806,2500000,2012
10,2500000,0.991955,0.64208,2600000,2136
10,2600000,0.779524,0.52264,2700000,1564
10,2700000,0.230276,0.22742,2800000,494
10,2800000,0.724128,0.5165,2900000,1423
10,2900000,0.995089,0.6716,3000000,2054
10,3000000,0.988337,0.67291,3100000,1816
10,3100000,0.986261,0.66826,3200000,1723
10,3200000,0.967419,0.65906,3300000,3027
10,3300000,0.974107,0.6481,3400000,2326
10,3400000,0.994205,0.66148,3500000,1885
10,3500000,0.965978,0.66646,3600000,1913
10,3600000,0.941548,0.66005,3700000,2147
10,3700000,0.825938,0.67359,3800000,1449
10,3800000,0.981902,0.66255,3900000,1642
10,3900000,0.543984,0.44796,4000000,29190
10,4000000,0.699968,0.57921,4100000,1549
10,4100000,0.800432,0.5401,4200000,1950
10,4200000,0.883895,0.63479,4300000,1371
10,4300000,0.777102,0.57947,4400000,2171
10,4400000,0.333653,0.29243,4500000,18778
10,4500000,0.638074,0.46713,4600000,25265
10,4600000,0.923029,0.65328,4700000,1721
10,4700000,0.911649,0.63894,4800000,1959
10,4800000,0.962494,0.63011,4900000,1489
10,4900000,0.996345,0.66088,5000000,2895
10,5000000,0.963073,0.68043,5100000,1814
10,5100000,0.592069,0.48027,5200000,13568
10,5200000,0.421487,0.37029,5300000,22092
10,5300000,0.736324,0.48112,5400000,6217
10,5400000,0.794872,0.64674,5500000,2908
10,5500000,0.955265,0.65246,5600000,2610
10,5600000,0.961547,0.6362,5700000,4094
10,5700000,0.979187,0.62847,5800000,3000
10,5800000,0.491135,0.37016,5900000,13138
10,5900000,0.761755,0.58216,6000000,15439
10,6000000,0.89719,0.65212,6100000,16428
10,6100000,0.429938,0.35324,6200000,40614
10,6200000,0.565118,0.46388,6300000,32534
10,6300000,0.8339,0.54222,6400000,4297
10,6400000,0.5365,0.42649,6500000,40330
10,6500000,0.616185,0.50829,6600000,11273
10,6600000,0.933969,0.64733,6700000,3005
10,6700000,0.971327,0.65024,6800000,2787
10,6800000,0.969515,0.64488,6900000,3554
10,6900000,0.872122,0.64727,7000000,2800
10,7000000,0.979061,0.66209,7100000,2349
10,7100000,0.985505,0.65741,7200000,32263
10,7200000,0.985984,0.6423,7300000,2026
10,7300000,0.953332,0.62632,7400000,2533
10,7400000,0.942186,0.6638,7500000,1816
10,7500000,0.96124,0.64758,7600000,2096
10,7600000,0.959991,0.67059,7700000,1985
10,7700000,0.966885,0.65436,7800000,1775
10,7800000,0.970562,0.66963,7900000,2330
10,7900000,0.974015,0.65621,8000000,3026
10,8000000,0.894114,0.67098,8100000,1903
10,8100000,0.939488,0.64332,8200000,2254
10,8200000,0.962431,0.65552,8300000,2384
10,8300000,0.965459,0.66078,8400000,2117
10,8400000,0.963715,0.66695,8500000,2230
10,8500000,0.988093,0.66859,8600000,2069
10,8600000,0.974283,0.64493,8700000,2489
10,8700000,0.870115,0.64272,8800000,2069
10,8800000,0.959245,0.64438,8900000,1705
10,8900000,0.979912,0.66449,9000000,2102
10,9000000,0.990712,0.65658,9100000,2158
10,9100000,0.960713,0.6456,9200000,2489
10,9200000,0.999158,0.62567,9300000,2494
10,9300000,0.993802,0.62189,9400000,2684
10,9400000,0.967146,0.6524,9500000,1713
10,9500000,0.991268,0.65326,9600000,2116
10,9600000,0.982517,0.65917,9700000,2290
10,9700000,0.977438,0.64032,9800000,2454
10,9800000,0.958603,0.63499,9900000,2447
10,9900000,0.490989,0.3696,10000000,9284
10,10000000,0.70348,0.51477,10100000,2004
10,10100000,0.993268,0.6468,10200000,2439
10,10200000,0.970912,0.64848,10300000,2374
10,10300000,0.991458,0.64204,10400000,2129
10,10400000,0.984298,0.64092,10500000,2140
10,10500000,0.998715,0.64066,10600000,2505
10,10600000,0.975244,0.65137,10700000,2191
10,10700000,0.996911,0.64817,10800000,2192
10,10800000,0.972654,0.64279,10900000,2258
10,10900000,0.980601,0.6533,11000000,2530
10,11000000,0.995503,0.63827,11100000,2012
10,11100000,0.947615,0.64578,11200000,2065
10,11200000,0.982164,0.65912,11300000,1974
10,11300000,0.998363,0.65284,11400000,2204
10,11400000,0.993368,0.63194,11500000,2483
10,11500000,0.998055,0.61594,11600000,2565
10,11600000,0.986651,0.63927,11700000,2283
10,11700000,0.996155,0.6355,11800000,8646
10,11800000,0.997666,0.61876,11900000,2684
10,11900000,0.992685,0.64935,12000000,2124
10,12000000,0.994426,0.65186,12100000,2201
10,12100000,0.986641,0.6492,12200000,1869
10,12200000,0.996956,0.63826,12300000,2427
10,12300000,0.990158,0.6319,12400000,2467
10,12400000,0.955146,0.61521,12500000,2389
10,12500000,0.959308,0.64137,12600000,2220
10,12600000,0.997452,0.63414,12700000,2246
10,12700000,1,0.62961,12800000,2573
10,12800000,0.989811,0.6231,12900000,2675
10,12900000,0.997819,0.6436,13000000,2181
10,13000000,0.978668,0.62416,13100000,2414
10,13100000,0.948694,0.63699,13200000,2225
10,13200000,0.994528,0.64822,13300000,2550
10,13300000,0.99703,0.64439,13400000,1974
10,13400000,0.954336,0.64228,13500000,2204
10,13500000,0.977375,0.63326,13600000,2138
10,13600000,0.978459,0.63076,13700000,2634
10,13700000,0.993859,0.62905,13800000,2490
10,13800000,0.989622,0.63849,13900000,2285
10,13900000,0.986245,0.63364,14000000,2249
10,14000000,0.996655,0.62854,14100000,2438
10,14100000,0.990932,0.6436,14200000,2046
10,14200000,0.995859,0.63769,14300000,2302
10,14300000,0.998187,0.64909,14400000,2081
10,14400000,0.994965,0.62611,14500000,2645
10,14500000,0.998384,0.63997,14600000,2140
10,14600000,0.984258,0.62347,14700000,2716
10,14700000,0.961593,0.63104,14800000,2361
10,14800000,0.996109,0.63178,14900000,2592
10,14900000,0.979522,0.63503,15000000,2496
10,15000000,0.987045,0.64779,15100000,2372
10,15100000,0.996858,0.6456,15200000,2101
10,15200000,0.993706,0.63657,15300000,2544
10,15300000,0.993455,0.64346,15400000,2446
10,15400000,0.998163,0.6225,15500000,2601
10,15500000,0.990524,0.64228,15600000,2000
10,15600000,0.967532,0.63605,15700000,2746
10,15700000,0.975506,0.6514,15800000,2536
10,15800000,0.641763,0.468,15900000,1755
10,15900000,0.858446,0.53742,16000000,2218
10,16000000,0.995682,0.66536,16100000,2301
10,16100000,0.995891,0.63058,16200000,2643
10,16200000,0.994616,0.64084,16300000,2079
10,16300000,1,0.62202,16400000,2816
10,16400000,0.985142,0.61963,16500000,2782
10,16500000,0.998419,0.5925,16600000,3033
11,0,0.99807,0.60906,100000,2703
11,100000,0.999594,0.61436,200000,2597
11,200000,0.99998,0.63601,300000,2380
11,300000,0.984519,0.64169,400000,2470
11,400000,0.999905,0.64142,500000,2055
11,500000,0.998827,0.63846,600000,2095
11,600000,1,0.63245,700000,2528
11,700000,0.99892,0.63251,800000,2331
11,800000,0.412903,0.39046,900000,1033
11,900000,0.401599,0.37704,1000000,1324
11,1000000,0.994412,0.63464,1100000,2053
11,1100000,0.99882,0.65291,1200000,1877
11,1200000,0.999465,0.65057,1300000,2388
11,1300000,0.998915,0.63885,1400000,2308
11,1400000,0.990873,0.63715,1500000,2387
11,1500000,0.996393,0.63176,1600000,2459
11,1600000,0.994585,0.62805,1700000,1341
11,1700000,0.992945,0.62516,1800000,2474
11,1800000,0.975574,0.63624,1900000,2477
11,1900000,0.927328,0.6287,2000000,2934
11,2000000,1,0.631,2100000,2620
11,2100000,0.995591,0.63269,2200000,2548
11,2200000,0.979593,0.63732,2300000,2792
11,2300000,0.998545,0.63583,2400000,2792
11,2400000,0.99038,0.63538,2500000,2755
11,2500000,0.979876,0.62749,2600000,2724
11,2600000,0.991371,0.6322,2700000,2493
11,2700000,0.995795,0.64617,2800000,2269
11,2800000,0.9941,0.64063,2900000,2312
11,2900000,0.987402,0.62198,3000000,2724
11,3000000,0.999225,0.6384,3100000,2385
11,3100000,0.99148,0.62536,3200000,2478
11,3200000,0.99885,0.61396,3300000,2858
11,3300000,1,0.6251,3400000,2632
11,3400000,0.988614,0.62284,3500000,2517
11,3500000,0.992511,0.63394,3600000,2086
11,3600000,0.992628,0.64051,3700000,2554
11,3700000,0.994781,0.63618,3800000,2594
11,3800000,0.994935,0.62862,3900000,2595
11,3900000,0.997795,0.63019,4000000,2472
11,4000000,0.982572,0.65269,4100000,2055
11,4100000,0.985648,0.63495,4200000,2249
11,4200000,0.934802,0.6309,4300000,2152
11,4300000,0.996957,0.63465,4400000,2424
11,4400000,0.999097,0.64383,4500000,2297
11,4500000,0.998399,0.62455,4600000,2746
11,4600000,0.999022,0.63241,4700000,2561
11,4700000,0.999721,0.63373,4800000,2389
11,4800000,0.989955,0.64079,4900000,2180
11,4900000,0.99944,0.60639,5000000,2876
11,5000000,0.995456,0.61907,5100000,2539
11,5100000,0.99638,0.61823,5200000,2472
11,5200000,0.99952,0.63786,5300000,2503
11,5300000,0.995426,0.63313,5400000,2534
11,5400000,0.997157,0.63471,5500000,2370
11,5500000,0.985474,0.66042,5600000,2213
11,5600000,0.996083,0.62982,5700000,2868
11,5700000,0.996824,0.63015,5800000,2604
11,5800000,0.999046,0.64699,5900000,2420
11,5900000,0.982229,0.63849,6000000,2551
11,6000000,0.967307,0.63088,6100000,3068
11,6100000,0.987687,0.64873,6200000,2085
11,6200000,0.99861,0.628,6300000,2753
11,6300000,0.986697,0.64075,6400000,2313
11,6400000,0.990287,0.63935,6500000,2012
11,6500000,0.989947,0.64489,6600000,2168
11,6600000,0.986511,0.62896,6700000,1806
11,6700000,0.896884,0.63363,6800000,2679
11,6800000,0.940839,0.6402,6900000,1991
11,6900000,0.949173,0.6354,7000000,2495
11,7000000,0.950002,0.6276,7100000,2046
11,7100000,0.997976,0.64184,7200000,2309
11,7200000,0.974452,0.65458,7300000,2025
11,7300000,0.995573,0.62082,7400000,2401
11,7400000,0.937444,0.63899,7500000,2396
11,7500000,0.994411,0.62302,7600000,2357
11,7600000,0.986635,0.63898,7700000,2133
11,7700000,0.978081,0.62725,7800000,2676
11,7800000,0.993516,0.64182,7900000,2011
11,7900000,0.985639,0.63772,8000000,2488
11,8000000,0.974957,0.64844,8100000,2271
11,8100000,0.995791,0.64001,8200000,2111
11,8200000,0.954168,0.63985,8300000,2305
11,8300000,0.99991,0.64042,8400000,2399
11,8400000,0.960569,0.65893,8500000,2283
11,8500000,0.981339,0.63327,8600000,2450
11,8600000,0.985051,0.66366,8700000,2042
11,8700000,0.950921,0.66258,8800000,1659
11,8800000,0.984525,0.62967,8900000,2395
11,8900000,0.980939,0.64165,9000000,2314
11,9000000,0.987975,0.64391,9100000,2261
11,9100000,0.99165,0.65216,9200000,2047
11,9200000,0.992581,0.65585,9300000,2132
11,9300000,0.94721,0.64391,9400000,2142
11,9400000,0.974476,0.64544,9500000,2615
11,9500000,0.851141,0.67281,9600000,1876
11,9600000,0.690936,0.51048,9700000,1811
11,9700000,0.527905,0.38431,9800000,839
11,9800000,0.979348,0.66571,9900000,2335
11,9900000,0.974675,0.64139,10000000,1989
11,10000000,0.970566,0.68063,10100000,1835
11,10100000,0.99559,0.66037,10200000,1946
11,10200000,0.983414,0.64618,10300000,2170
11,10300000,0.317592,0.3792,10400000,479
11,10400000,0.989393,0.66541,10500000,2040
11,10500000,0.975079,0.67241,10600000,2279
11,10600000,0.982273,0.65664,10700000,2142
11,10700000,0.997785,0.65083,10800000,2366
11,10800000,0.956513,0.67506,10900000,1875
11,10900000,0.994879,0.66617,11000000,2035
11,11000000,0.58467,0.51198,11100000,1376
11,11100000,0.945847,0.66723,11200000,2076
11,11200000,0.958492,0.65479,11300000,2261
11,11300000,0.368341,0.26537,11400000,522
11,11400000,0.940779,0.64118,11500000,2119
11,11500000,0.954502,0.66039,11600000,1579
11,11600000,0.985657,0.66902,11700000,1318
11,11700000,0.977821,0.65469,11800000,2166
11,11800000,0.707576,0.51074,11900000,7687
11,11900000,0.939935,0.67146,12000000,1390
11,12000000,0.540363,0.39663,12100000,1175
11,12100000,0.985815,0.64613,12200000,2003
11,12200000,0.992805,0.65439,12300000,2372
11,12300000,0.974877,0.67496,12400000,1766
11,12400000,0.907137,0.6084,12500000,2625
11,12500000,0.638191,0.47093,12600000,7872
11,12600000,0.785477,0.49617,12700000,3387
11,12700000,0.941498,0.6369,12800000,2556
11,12800000,0.707432,0.59781,12900000,7862
11,12900000,0.956832,0.62057,13000000,4072
11,13000000,0.489608,0.37801,13100000,9039
11,13100000,0.309661,0.23581,13200000,6326
11,13200000,0.668442,0.47112,13300000,8639
11,13300000,0.986634,0.66064,13400000,2034
11,13400000,0.975871,0.62175,13500000,5031
11,13500000,0.978687,0.64053,13600000,2572
11,13600000,0.970234,0.64645,13700000,3378
11,13700000,0.977729,0.67211,13800000,2141
11,13800000,0.967826,0.64577,13900000,2345
11,13900000,0.98172,0.64619,14000000,2364
11,14000000,0.914037,0.6652,14100000,1779
11,14100000,0.84284,0.6502,14200000,2039
11,14200000,0.877052,0.65398,14300000,2402
11,14300000,0.951682,0.67094,14400000,2757
11,14400000,0.927485,0.65778,14500000,2574
11,14500000,0.981333,0.65913,14600000,2161
11,14600000,0.948761,0.63044,14700000,2409
11,14700000,0.963971,0.65342,14800000,2393
11,14800000,0.934441,0.65424,14900000,1821
11,14900000,0.9825,0.6558,15000000,2500
11,15000000,0.980398,0.66463,15100000,2748
11,15100000,0.973223,0.65644,15200000,2078
11,15200000,0.952501,0.65683,15300000,2220
11,15300000,0.98472,0.66034,15400000,2355
11,15400000,0.993314,0.68067,15500000,1952
11,15500000,0.985177,0.67073,15600000,1992
11,15600000,0.986884,0.65462,15700000,2319
11,15700000,0.958861,0.66581,15800000,2029
11,15800000,0.969447,0.66818,15900000,1972
11,15900000,0.977212,0.67287,16000000,1337
11,16000000,0.955571,0.66902,16100000,2172
11,16100000,0.93594,0.63598,16200000,2482
11,16200000,0.967527,0.64832,16300000,2028
11,16300000,0.954387,0.65421,16400000,3067
11,16400000,0.997618,0.66488,16500000,2216
11,16500000,0.987423,0.65077,16600000,1910
11,16600000,0.966096,0.65983,16700000,2217
11,16700000,0.988122,0.68028,16800000,1961
11,16800000,0.924345,0.64966,16900000,1722
11,16900000,0.691196,0.5137,17000000,1487
11,17000000,0.991678,0.66311,17100000,2035
11,17100000,0.922508,0.65768,17200000,2352
11,17200000,0.997115,0.64539,17300000,2252
11,17300000,0.987066,0.65168,17400000,2130
11,17400000,0.941155,0.63027,17500000,1757
11,17500000,0.928371,0.63231,17600000,2392
11,17600000,0.993953,0.63208,17700000,2364
11,17700000,0.948058,0.64726,17800000,2403
11,17800000,0.99486,0.63101,17900000,2389
11,17900000,0.983581,0.64586,18000000,2184
11,18000000,0.984806,0.62353,18100000,2375
11,18100000,0.998057,0.63399,18200000,2210
11,18200000,0.943401,0.64229,18300000,2634
11,18300000,0.99701,0.64405,18400000,2158
11,18400000,0.95823,0.6232,18500000,2455
11,18500000,0.988226,0.65242,18600000,1916
11,18600000,0.968483,0.66677,18700000,1899
11,18700000,0.953137,0.64496,18800000,2539
11,18800000,0.970507,0.63245,18900000,2090
11,18900000,0.996324,0.63299,19000000,2295
11,19000000,0.958148,0.62237,19100000,2728
11,19100000,0.994507,0.62701,19200000,2692
11,19200000,0.984987,0.62192,19300000,2728
12,0,0.999945,0.59081,100000,3500
12,100000,0.994383,0.59803,200000,2733
12,200000,0.997948,0.6212,300000,2757
12,300000,0.965579,0.63714,400000,2214
12,400000,0.988094,0.64639,500000,2283
12,500000,0.996508,0.62337,600000,2440
12,600000,0.996834,0.65886,700000,2017
12,700000,0.991617,0.63943,800000,2142
12,800000,0.986275,0.64764,900000,2440
12,900000,0.993722,0.67617,1000000,1811
12,1000000,0.963062,0.64968,1100000,1970
12,1100000,0.99811,0.64621,1200000,2245
12,1200000,0.985757,0.65987,1300000,1904
12,1300000,0.999209,0.64956,1400000,1855
12,1400000,0.968988,0.64344,1500000,1940
12,1500000,0.997308,0.64561,1600000,2391
12,1600000,0.99992,0.64422,1700000,2413
12,1700000,0.97825,0.61728,1800000,2245
12,1800000,0.988367,0.62484,1900000,2484
12,1900000,0.937193,0.63468,2000000,2252
12,2000000,0.999312,0.63824,2100000,2303
12,2100000,0.997779,0.64417,2200000,2083
12,2200000,0.994539,0.63906,2300000,2146
12,2300000,0.977005,0.64029,2400000,2128
12,2400000,0.99882,0.62229,2500000,2534
12,2500000,0.998845,0.62994,2600000,2354
12,2600000,0.997861,0.65008,2700000,2157
12,2700000,0.989048,0.62495,2800000,2464
12,2800000,0.993094,0.62652,2900000,2681
12,2900000,0.993983,0.64083,3000000,2565
12,3000000,0.998895,0.64535,3100000,2354
12,3100000,0.983947,0.63277,3200000,2580
12,3200000,0.998379,0.6368,3300000,2376
12,3300000,1,0.63676,3400000,2545
12,3400000,0.981763,0.63866,3500000,2365
12,3500000,0.991343,0.64178,3600000,2184
12,3600000,0.988713,0.63597,3700000,2404
12,3700000,0.992632,0.62973,3800000,2610
12,3800000,0.981802,0.61051,3900000,2645
12,3900000,0.984786,0.63251,4000000,2326
12,4000000,0.998137,0.63161,4100000,2370
12,4100000,0.996247,0.65561,4200000,2059
12,4200000,0.994484,0.66496,4300000,2299
12,4300000,0.995303,0.64846,4400000,2160
12,4400000,0.994873,0.63784,4500000,2376
12,4500000,0.974277,0.6379,4600000,1930
12,4600000,0.983276,0.62656,4700000,2134
12,4700000,0.996912,0.66591,4800000,1972
12,4800000,0.983508,0.64593,4900000,2495
12,4900000,0.9934,0.63781,5000000,2435
12,5000000,0.961928,0.64504,5100000,2080
12,5100000,0.983477,0.62405,5200000,2422
12,5200000,0.846879,0.60778,5300000,1742
12,5300000,0.787005,0.51988,5400000,1436
12,5400000,1,0.62729,5500000,2392
12,5500000,0.997345,0.62677,5600000,2420
12,5600000,0.962318,0.63044,5700000,2632
12,5700000,0.993569,0.62603,5800000,2487
12,5800000,0.993289,0.61669,5900000,2503
12,5900000,0.984154,0.6254,6000000,2586
12,6000000,0.989697,0.64937,6100000,2401
12,6100000,0.989247,0.6378,6200000,2572
12,6200000,0.997865,0.62994,6300000,2065
12,6300000,0.989215,0.63193,6400000,2242
12,6400000,0.995605,0.63316,6500000,2598
12,6500000,0.997257,0.6286,6600000,2606
12,6600000,0.99515,0.6272,6700000,2568
12,6700000,0.978053,0.62802,6800000,2700
12,6800000,0.990376,0.62556,6900000,2337
12,6900000,0.983063,0.65665,7000000,2149
12,7000000,0.990572,0.65808,7100000,1947
12,7100000,0.977566,0.64457,7200000,2145
12,7200000,0.990495,0.63769,7300000,2329
12,7300000,0.993902,0.64911,7400000,2763
12,7400000,0.983367,0.63951,7500000,2406
12,7500000,0.999122,0.65551,7600000,2007
12,7600000,0.967441,0.65329,7700000,2116
12,7700000,0.942697,0.646,7800000,2474
12,7800000,0.278483,0.51097,7900000,259
12,7900000,0.829559,0.6453,8000000,2451
12,8000000,0.984814,0.646,8100000,1976
12,8100000,0.990307,0.64856,8200000,2125
12,8200000,0.997474,0.64214,8300000,2458
12,8300000,0.995398,0.62836,8400000,2429
12,8400000,0.984597,0.65956,8500000,1739
12,8500000,0.923072,0.64812,8600000,1882
12,8600000,0.998256,0.63368,8700000,2272
12,8700000,0.992296,0.65012,8800000,2359
12,8800000,0.986795,0.63958,8900000,2174
12,8900000,0.906745,0.63716,9000000,1679
12,9000000,0.993143,0.65277,9100000,2158
12,9100000,0.99782,0.64332,9200000,2130
12,9200000,0.978137,0.64618,9300000,2268
12,9300000,0.988867,0.63133,9400000,2246
12,9400000,0.986607,0.66031,9500000,1889
12,9500000,0.983641,0.64833,9600000,2107
12,9600000,0.997471,0.65323,9700000,2171
12,9700000,0.995743,0.65199,9800000,2392
12,9800000,0.917663,0.65114,9900000,1587
12,9900000,0.964638,0.64073,10000000,1590
12,10000000,0.927572,0.65077,10100000,2032
12,10100000,0.988881,0.66959,10200000,2006
12,10200000,0.994728,0.6504,10300000,1999
12,10300000,0.988699,0.62256,10400000,2466
12,10400000,0.478853,0.3684,10500000,6183
12,10500000,0.977939,0.64322,10600000,1920
12,10600000,0.953392,0.64891,10700000,2069
12,10700000,0.996029,0.64805,10800000,2307
12,10800000,0.988391,0.63905,10900000,3148
12,10900000,0.978683,0.62472,11000000,2482
12,11000000,0.949902,0.6493,11100000,2158
12,11100000,0.991114,0.66118,11200000,2583
12,11200000,0.993397,0.66678,11300000,2076
12,11300000,0.989712,0.66767,11400000,1898
12,11400000,0.990695,0.64392,11500000,2044
12,11500000,0.996974,0.64592,11600000,2149
12,11600000,0.876814,0.65007,11700000,2122
12,11700000,0.981082,0.63242,11800000,2371
12,11800000,0.984184,0.6525,11900000,2353
12,11900000,0.991307,0.62494,12000000,2186
12,12000000,0.984814,0.66185,12100000,2178
12,12100000,0.975924,0.64751,12200000,1568
12,12200000,0.989473,0.67338,12300000,1750
12,12300000,0.972414,0.65269,12400000,1696
12,12400000,0.996957,0.63322,12500000,2523
12,12500000,0.901498,0.63387,12600000,2662
12,12600000,0.97184,0.63379,12700000,2314
12,12700000,0.976189,0.64846,12800000,2120
12,12800000,0.994555,0.67394,12900000,2283
12,12900000,0.979069,0.66294,13000000,2915
12,13000000,0.950364,0.65935,13100000,2169
12,13100000,0.975705,0.67227,13200000,2145
12,13200000,0.943394,0.66361,13300000,1693
12,13300000,0.947047,0.64884,13400000,1807
12,13400000,0.303171,0.26448,13500000,39409
12,13500000,0.534975,0.3572,13600000,4470
12,13600000,0.980715,0.62436,13700000,3129
12,13700000,0.951159,0.62246,13800000,3452
12,13800000,0.770304,0.48818,13900000,7635
12,13900000,0.708925,0.5023,14000000,27840
12,14000000,0.998514,0.65271,14100000,2437
12,14100000,0.957523,0.64623,14200000,1319
12,14200000,0.895381,0.67013,14300000,1704
12,14300000,0.949152,0.65145,14400000,2336
12,14400000,0.962742,0.65638,14500000,1448
12,14500000,0.956643,0.66661,14600000,1697
12,14600000,0.9869,0.64926,14700000,2121
12,14700000,0.946123,0.66987,14800000,3714
12,14800000,0.969647,0.66722,14900000,2196
12,14900000,0.531116,0.40222,15000000,755
12,15000000,0.980709,0.64551,15100000,2176
12,15100000,0.760748,0.65959,15200000,2175
12,15200000,0.692858,0.49064,15300000,1670
12,15300000,0.954496,0.66576,15400000,2173
12,15400000,0.963686,0.64418,15500000,1904
12,15500000,0.692678,0.52359,15600000,928
12,15600000,0.98298,0.65187,15700000,2150
12,15700000,0.873029,0.67914,15800000,1848
12,15800000,0.989731,0.67392,15900000,2119
12,15900000,0.978713,0.64594,16000000,2466
12,16000000,0.96665,0.68086,16100000,1910
12,16100000,0.984811,0.66898,16200000,2126
12,16200000,0.580622,0.53707,16300000,5694
12,16300000,0.768103,0.50483,16400000,2970
12,16400000,0.985497,0.63174,16500000,2291
12,16500000,0.971425,0.64031,16600000,1726
12,16600000,0.964265,0.62916,16700000,2345
12,16700000,0.997921,0.65585,16800000,7192
12,16800000,0.985775,0.64742,16900000,2030
12,16900000,0.980452,0.64232,17000000,2510
12,17000000,0.957599,0.6334,17100000,2285
12,17100000,0.98444,0.66059,17200000,2146
12,17200000,0.995177,0.64799,17300000,2114
12,17300000,0.936471,0.6723,17400000,1662
12,17400000,0.9956,0.66229,17500000,2357
12,17500000,0.942088,0.66363,17600000,2104
12,17600000,0.994394,0.65309,17700000,2004
12,17700000,0.866427,0.6399,17800000,1667
12,17800000,0.980741,0.65266,17900000,1590
12,17900000,0.992749,0.66592,18000000,2300
12,18000000,0.951348,0.64552,18100000,1935
12,18100000,0.986415,0.64657,18200000,1708
12,18200000,0.970712,0.65156,18300000,2054
12,18300000,0.989302,0.63578,18400000,2367
12,18400000,0.969164,0.66479,18500000,2028
12,18500000,0.966166,0.66636,18600000,1760
12,18600000,0.970735,0.65961,18700000,2300
12,18700000,0.950536,0.68075,18800000,1836
12,18800000,0.678977,0.5231,18900000,18835
12,18900000,0.555244,0.43205,19000000,1854
12,19000000,0.55291,0.48608,19100000,2285
13,0,0.9926,0.61006,100000,2844
13,100000,0.98776,0.62316,200000,2699
13,200000,0.952241,0.65147,300000,1887
13,300000,0.985782,0.652,400000,2320
13,400000,0.991424,0.66265,500000,1797
13,500000,0.999167,0.66064,600000,1985
13,600000,0.961912,0.63937,700000,1678
13,700000,0.983414,0.65369,800000,2513
13,800000,0.995575,0.65536,900000,2088
13,900000,0.991223,0.68048,1000000,1531
13,1000000,0.955118,0.66187,1100000,2086
13,1100000,0.962779,0.64531,1200000,2079
13,1200000,0.967257,0.65647,1300000,1485
13,1300000,0.965676,0.64212,1400000,2344
13,1400000,0.990213,0.6494,1500000,2427
13,1500000,0.712064,0.64955,1600000,2551
13,1600000,0.811691,0.63044,1700000,3924
13,1700000,0.861845,0.57358,1800000,2053
13,1800000,0.375901,0.3052,1900000,2544
13,1900000,0.842698,0.58423,2000000,1663
13,2000000,0.977541,0.64648,2100000,3366
13,2100000,0.972936,0.64723,2200000,2350
13,2200000,0.985505,0.66643,2300000,2207
13,2300000,0.932271,0.69357,2400000,1770
13,2400000,0.871401,0.67605,2500000,1881
13,2500000,0.996952,0.6574,2600000,2404
13,2600000,0.988855,0.65562,2700000,1881
13,2700000,0.996355,0.65114,2800000,2035
13,2800000,0.99246,0.6658,2900000,1943
13,2900000,0.921189,0.64247,3000000,1922
13,3000000,0.993388,0.67246,3100000,1930
13,3100000,0.970917,0.66586,3200000,2163
13,3200000,0.972323,0.66614,3300000,2526
13,3300000,0.960505,0.6631,3400000,2418
13,3400000,0.993285,0.66727,3500000,1886
13,3500000,0.978667,0.66866,3600000,1593
13,3600000,0.492297,0.43678,3700000,854
13,3700000,0.754819,0.62071,3800000,6327
13,3800000,0.967432,0.66094,3900000,1833
13,3900000,0.983549,0.65508,4000000,2303
13,4000000,0.990193,0.67122,4100000,2237
13,4100000,0.991503,0.65824,4200000,2111
13,4200000,0.880563,0.66136,4300000,2351
13,4300000,0.992295,0.65495,4400000,1836
13,4400000,0.985236,0.64261,4500000,2745
13,4500000,0.970224,0.66327,4600000,1721
13,4600000,0.986514,0.65295,4700000,1709
13,4700000,0.766057,0.68202,4800000,1058
13,4800000,0.944134,0.63139,4900000,3078
13,4900000,0.905803,0.61004,5000000,2193
13,5000000,0.948821,0.6339,5100000,1654
13,5100000,0.426291,0.29842,5200000,4400
13,5200000,0.632597,0.43951,5300000,3219
13,5300000,0.964073,0.64785,5400000,3113
13,5400000,0.923007,0.60917,5500000,1743
13,5500000,0.949979,0.63621,5600000,2098
13,5600000,0.694978,0.52468,5700000,1234
13,5700000,0.265549,0.19243,5800000,1298
13,5800000,0.911936,0.6404,5900000,1674
13,5900000,0.946431,0.65198,6000000,2352
13,6000000,0.958169,0.66517,6100000,1893
13,6100000,0.944957,0.65042,6200000,1949
13,6200000,0.922683,0.63202,6300000,2013
13,6300000,0.878591,0.67196,6400000,1963
13,6400000,0.996287,0.66447,6500000,2710
13,6500000,0.975208,0.65462,6600000,1443
13,6600000,0.979167,0.65225,6700000,1991
13,6700000,0.991944,0.63833,6800000,2619
13,6800000,0.329566,0.25019,6900000,4081
13,6900000,0.895047,0.65785,7000000,1819
13,7000000,0.990568,0.65266,7100000,2081
13,7100000,0.983147,0.65767,7200000,2030
13,7200000,0.987148,0.65949,7300000,1748
13,7300000,0.918829,0.65502,7400000,2032
13,7400000,0.982272,0.65048,7500000,1969
13,7500000,0.982424,0.65367,7600000,2237
13,7600000,0.968063,0.64304,7700000,5429
13,7700000,0.985628,0.66039,7800000,2542
13,7800000,0.987355,0.65622,7900000,2041
13,7900000,0.977277,0.6592,8000000,2015
13,8000000,0.95729,0.671,8100000,1350
13,8100000,0.992888,0.66024,8200000,2088
13,8200000,0.961423,0.6556,8300000,1989
13,8300000,0.970809,0.6356,8400000,2607
13,8400000,0.99083,0.63378,8500000,2290
13,8500000,0.912157,0.644,8600000,2318
13,8600000,0.971466,0.65537,8700000,1943
13,8700000,0.979342,0.65111,8800000,2040
13,8800000,0.99779,0.66746,8900000,2092
13,8900000,0.976373,0.63585,9000000,2415
13,9000000,0.995474,0.65378,9100000,2374
13,9100000,0.992335,0.66542,9200000,2024
13,9200000,0.522545,0.39994,9300000,3962
13,9300000,0.880646,0.61545,9400000,1733
13,9400000,0.965906,0.65851,9500000,2057
13,9500000,0.889692,0.66557,9600000,2031
13,9600000,0.99732,0.65099,9700000,2318
13,9700000,0.991868,0.64861,9800000,2359
13,9800000,0.892672,0.63561,9900000,2320
13,9900000,0.926392,0.66063,10000000,1802
13,10000000,0.984876,0.65353,10100000,2027
13,10100000,0.98709,0.66184,10200000,2085
13,10200000,0.976789,0.66213,10300000,2255
13,10300000,0.977542,0.66946,10400000,2509
13,10400000,0.998297,0.65051,10500000,2083
13,10500000,0.984485,0.64261,10600000,2089
13,10600000,0.987944,0.64021,10700000,2382
13,10700000,0.992397,0.64279,10800000,2330
13,10800000,0.982254,0.63626,10900000,2341
13,10900000,0.996961,0.64241,11000000,2011
13,11000000,0.998597,0.65113,11100000,2165
13,11100000,0.962032,0.64034,11200000,2309
13,11200000,0.986871,0.65247,11300000,2767
13,11300000,0.978858,0.64182,11400000,2208
13,11400000,0.943257,0.66384,11500000,2067
13,11500000,0.996619,0.64351,11600000,2325
13,11600000,0.9997,0.64421,11700000,2028
13,11700000,0.957413,0.66119,11800000,2138
13,11800000,0.984712,0.65469,11900000,2098
13,11900000,0.990737,0.64551,12000000,2501
13,12000000,0.953334,0.59996,12100000,2585
13,12100000,0.996091,0.61132,12200000,2806
13,12200000,0.993303,0.62338,12300000,2301
13,12300000,0.99841,0.62811,12400000,2530
13,12400000,0.976051,0.63612,12500000,2173
13,12500000,0.961699,0.65964,12600000,1940
13,12600000,0.974925,0.63312,12700000,2260
13,12700000,0.935547,0.63602,12800000,1918
13,12800000,0.935475,0.63701,12900000,2281
13,12900000,0.90396,0.6305,13000000,2225
13,13000000,0.992805,0.64933,13100000,2415
13,13100000,0.99345,0.65289,13200000,2279
13,13200000,0.994789,0.64908,13300000,2482
13,13300000,0.983825,0.63542,13400000,2341
13,13400000,0.985623,0.6438,13500000,2201
13,13500000,0.997919,0.62785,13600000,2477
13,13600000,0.999128,0.63562,13700000,2838
13,13700000,0.99902,0.65191,13800000,2080
13,13800000,0.992874,0.64943,13900000,2238
13,13900000,0.99589,0.65338,14000000,2229
13,14000000,0.976692,0.63994,14100000,8438
13,14100000,0.997535,0.6491,14200000,2176
13,14200000,0.99988,0.63586,14300000,2437
13,14300000,1,0.63317,14400000,2226
13,14400000,0.984052,0.61985,14500000,2642
13,14500000,0.99801,0.63366,14600000,2355
13,14600000,0.73016,0.61392,14700000,1659
13,14700000,0.985378,0.63149,14800000,2379
13,14800000,0.992959,0.64914,14900000,2145
13,14900000,0.989502,0.65487,15000000,2977
13,15000000,0.989133,0.65698,15100000,2071
13,15100000,0.584213,0.40252,15200000,1049
13,15200000,0.44365,0.39712,15300000,852
13,15300000,0.990662,0.64328,15400000,2305
13,15400000,0.997095,0.63731,15500000,2005
13,15500000,0.975689,0.6345,15600000,2119
13,15600000,0.997131,0.63646,15700000,2285
13,15700000,0.99941,0.63912,15800000,2229
13,15800000,0.965509,0.63166,15900000,2324
13,15900000,1,0.61369,16000000,2428
